,sort_key,accession,id,num,family,ipro_family,start,stop,rel_start,rel_stop,direction,type,seq_len,taxon_id,anno_status,desc,family_desc,ipro_family_desc,color,gene_key
0,1,A0A022L824,AOSO01000002,197,PF00753,IPR036866-IPR001279,190955,191665,-18232,-17522,complement,linear,235,1247714,Unreviewed,Beta-lactamase,Lactamase_B,Metallo-B-lactamas;RibonucZ/Hydroxyglut_hydro,#0000FF,1
1,2,A0A022L9B8,AOSO01000002,198,PF00440-PF13305,IPR001647-IPR025996-IPR009057-IPR036271,191747,192271,-17440,-16916,normal,linear,173,1247714,Unreviewed,TetR family transcriptional regulator,TetR_N;TetR_C_33,HTH_TetR;Homeobox-like_sf;TetR_C_WHG;Tet_transcr_reg_TetR-rel_C_sf,"#FFA500,#008000",1
2,3,A0A022LDN3,AOSO01000002,199,PF00282,IPR015421-IPR002129-IPR015424,192326,193699,-16861,-15488,complement,linear,456,1247714,Unreviewed,Glutamate decarboxylase,Pyridoxal_deC,PyrdxlP-dep_de-COase;PyrdxlP-dep_Trfase_major;PyrdxlP-dep_Trfase,#FF00FF,1
3,4,A0A022LC01,AOSO01000002,200,PF00440-PF13977,IPR001647-IPR039538-IPR009057-IPR036271,193710,194396,-15477,-14791,complement,linear,227,1247714,Unreviewed,TetR family transcriptional regulator,TetR_N;TetR_C_6,HTH_TetR;Homeobox-like_sf;Tet_transcr_reg_TetR-rel_C_sf;BetI_C,"#FFA500,#00FFFF",1
4,5,A0A022LF49,AOSO01000002,201,PF04371,IPR007466,194465,195505,-14722,-13682,normal,linear,345,1247714,Unreviewed,Agmatine deiminase,PAD_porph,Peptidyl-Arg-deiminase_porph,#FFC0CB,1
